{"cameraMode":{"drawMode":0,"name":"Shaded","section":"Shading Mode"},"sceneLighting":true,"audioPlay":false,"sceneViewState":{"showFog":true,"showMaterialUpdate":false,"showSkybox":true,"showFlares":true,"showImageEffects":true,"showParticleSystems":true},"in2DMode":false,"pivot":{"x":140.15573120117188,"y":40.832183837890628,"z":30.654590606689454},"rotation":{"x":0.11857420951128006,"y":0.13657310605049134,"z":-0.016467878594994546,"w":0.9833698272705078},"size":88.24150848388672,"orthographic":false}