{"cameraMode":{"drawMode":0,"name":"Shaded","section":"Shading Mode"},"sceneLighting":true,"audioPlay":false,"sceneViewState":{"showFog":true,"showMaterialUpdate":false,"showSkybox":true,"showFlares":true,"showImageEffects":true,"showParticleSystems":true},"in2DMode":false,"pivot":{"x":-17.989620208740236,"y":-28.73737335205078,"z":-57.729881286621097},"rotation":{"x":0.027836646884679796,"y":-0.9683004021644592,"z":0.21399137377738954,"w":0.12594522535800935},"size":90.63304901123047,"orthographic":false}